{"stats":{"minecraft:mined":{"minecraft:furnace":2,"minecraft:iron_ore":20,"minecraft:andesite":1,"minecraft:crafting_table":2,"minecraft:short_grass":4,"minecraft:oak_log":29,"minecraft:coal_ore":19,"minecraft:chest":2,"minecraft:stone":40,"minecraft:netherrack":4,"minecraft:sugar_cane":4,"minecraft:oak_leaves":8},"minecraft:crafted":{"minecraft:oak_planks":92,"minecraft:cooked_porkchop":3,"minecraft:crafting_table":1,"minecraft:stick":4,"minecraft:wooden_pickaxe":1,"minecraft:iron_ingot":2,"minecraft:stone_pickaxe":1,"minecraft:furnace":1},"minecraft:killed":{"minecraft:skeleton":2,"minecraft:zombie":2,"minecraft:pig":7},"minecraft:used":{"minecraft:stone_pickaxe":57,"minecraft:chest":1,"minecraft:wooden_pickaxe":29,"minecraft:netherrack":4,"minecraft:crafting_table":2,"minecraft:furnace":2,"minecraft:cooked_porkchop":5,"minecraft:andesite":1,"minecraft:golden_axe":74},"minecraft:picked_up":{"minecraft:crafting_table":2,"minecraft:raw_iron":20,"minecraft:andesite":1,"minecraft:porkchop":9,"minecraft:golden_axe":1,"minecraft:oak_log":29,"minecraft:bone":2,"minecraft:arrow":2,"minecraft:netherrack":4,"minecraft:oak_sapling":1,"minecraft:sugar_cane":8,"minecraft:chest":2,"minecraft:coal":35,"minecraft:cobblestone":39,"minecraft:furnace":2},"minecraft:dropped":{"minecraft:golden_axe":1},"minecraft:custom":{"minecraft:time_since_rest":20130,"minecraft:interact_with_furnace":9,"minecraft:sprint_one_cm":45507,"minecraft:damage_taken":365,"minecraft:walk_one_cm":35086,"minecraft:mob_kills":11,"minecraft:drop":1,"minecraft:damage_dealt":1982,"minecraft:swim_one_cm":10554,"minecraft:interact_with_crafting_table":3,"minecraft:fly_one_cm":59809,"minecraft:open_chest":2,"minecraft:crouch_one_cm":203,"minecraft:play_time":20130,"minecraft:sneak_time":269,"minecraft:walk_under_water_one_cm":1462,"minecraft:jump":330,"minecraft:leave_game":1,"minecraft:walk_on_water_one_cm":10445,"minecraft:time_since_death":20130,"minecraft:total_world_time":20130,"minecraft:fall_one_cm":9709}},"DataVersion":3955}