{"stats":{"minecraft:mined":{"minecraft:furnace":1,"minecraft:iron_ore":2,"minecraft:crafting_table":2,"minecraft:short_grass":2,"minecraft:oak_log":23,"minecraft:coal_ore":4,"minecraft:chest":1,"minecraft:stone":40,"minecraft:netherrack":4,"minecraft:sugar_cane":4,"minecraft:oak_leaves":7},"minecraft:crafted":{"minecraft:oak_planks":92,"minecraft:cooked_porkchop":3,"minecraft:crafting_table":1,"minecraft:stick":4,"minecraft:wooden_pickaxe":1,"minecraft:iron_ingot":2,"minecraft:stone_pickaxe":1,"minecraft:furnace":1},"minecraft:killed":{"minecraft:pig":2},"minecraft:used":{"minecraft:stone_pickaxe":22,"minecraft:wooden_pickaxe":29,"minecraft:netherrack":1,"minecraft:crafting_table":2,"minecraft:furnace":1,"minecraft:cooked_porkchop":1,"minecraft:golden_axe":38},"minecraft:picked_up":{"minecraft:crafting_table":2,"minecraft:raw_iron":2,"minecraft:porkchop":3,"minecraft:oak_log":23,"minecraft:netherrack":4,"minecraft:oak_sapling":1,"minecraft:sugar_cane":8,"minecraft:chest":1,"minecraft:coal":5,"minecraft:cobblestone":39,"minecraft:furnace":1},"minecraft:custom":{"minecraft:time_since_rest":9836,"minecraft:interact_with_furnace":6,"minecraft:sprint_one_cm":13550,"minecraft:damage_taken":30,"minecraft:walk_one_cm":12323,"minecraft:mob_kills":2,"minecraft:damage_dealt":200,"minecraft:swim_one_cm":2338,"minecraft:interact_with_crafting_table":3,"minecraft:fly_one_cm":16924,"minecraft:open_chest":1,"minecraft:crouch_one_cm":164,"minecraft:play_time":9836,"minecraft:sneak_time":91,"minecraft:walk_under_water_one_cm":48,"minecraft:jump":111,"minecraft:walk_on_water_one_cm":2617,"minecraft:time_since_death":9836,"minecraft:total_world_time":9836,"minecraft:fall_one_cm":2628}},"DataVersion":3955}