{"stats":{"minecraft:crafted":{"minecraft:oak_planks":92,"minecraft:iron_chestplate":1,"minecraft:cooked_porkchop":3,"minecraft:crafting_table":1,"minecraft:stick":8,"minecraft:iron_helmet":1,"minecraft:wooden_pickaxe":1,"minecraft:iron_ingot":47,"minecraft:iron_pickaxe":1,"minecraft:stone_pickaxe":1,"minecraft:iron_sword":1,"minecraft:furnace":1,"minecraft:air":0},"minecraft:picked_up":{"minecraft:crafting_table":4,"minecraft:raw_iron":61,"minecraft:andesite":2,"minecraft:porkchop":9,"minecraft:golden_axe":1,"minecraft:oak_log":29,"minecraft:arrow":2,"minecraft:bone":2,"minecraft:rotten_flesh":2,"minecraft:cobbled_deepslate":4,"minecraft:chest":2,"minecraft:oak_sapling":1,"minecraft:netherrack":4,"minecraft:sugar_cane":8,"minecraft:coal":46,"minecraft:cobblestone":48,"minecraft:furnace":3},"minecraft:used":{"minecraft:stone_pickaxe":99,"minecraft:iron_pickaxe":20,"minecraft:chest":1,"minecraft:wooden_pickaxe":29,"minecraft:iron_sword":12,"minecraft:netherrack":4,"minecraft:cobblestone":5,"minecraft:crafting_table":4,"minecraft:furnace":3,"minecraft:cooked_porkchop":9,"minecraft:andesite":2,"minecraft:cobbled_deepslate":2,"minecraft:golden_axe":79},"minecraft:mined":{"minecraft:furnace":3,"minecraft:iron_ore":48,"minecraft:andesite":2,"minecraft:crafting_table":3,"minecraft:short_grass":4,"minecraft:oak_log":29,"minecraft:coal_ore":19,"minecraft:deepslate_iron_ore":13,"minecraft:chest":2,"minecraft:stone":47,"minecraft:deepslate":3,"minecraft:netherrack":4,"minecraft:sugar_cane":4,"minecraft:oak_leaves":8},"minecraft:killed":{"minecraft:skeleton":3,"minecraft:zombie":7,"minecraft:pig":7},"minecraft:custom":{"minecraft:time_since_rest":37665,"minecraft:interact_with_furnace":15,"minecraft:sprint_one_cm":51164,"minecraft:damage_taken":810,"minecraft:walk_one_cm":53166,"minecraft:mob_kills":17,"minecraft:drop":1,"minecraft:damage_dealt":3120,"minecraft:swim_one_cm":10554,"minecraft:interact_with_crafting_table":7,"minecraft:fly_one_cm":65874,"minecraft:open_chest":2,"minecraft:crouch_one_cm":677,"minecraft:play_time":37665,"minecraft:sneak_time":763,"minecraft:walk_under_water_one_cm":1462,"minecraft:jump":426,"minecraft:leave_game":1,"minecraft:time_since_death":37665,"minecraft:walk_on_water_one_cm":10445,"minecraft:total_world_time":37665,"minecraft:fall_one_cm":10994},"minecraft:dropped":{"minecraft:golden_axe":1}},"DataVersion":3955}