{"stats":{"minecraft:crafted":{"minecraft:oak_planks":92,"minecraft:cooked_porkchop":3,"minecraft:crafting_table":1,"minecraft:stick":4,"minecraft:wooden_pickaxe":1,"minecraft:iron_ingot":2,"minecraft:stone_pickaxe":1,"minecraft:furnace":1},"minecraft:picked_up":{"minecraft:crafting_table":2,"minecraft:raw_iron":47,"minecraft:andesite":1,"minecraft:porkchop":9,"minecraft:golden_axe":1,"minecraft:oak_log":29,"minecraft:arrow":2,"minecraft:bone":2,"minecraft:rotten_flesh":2,"minecraft:chest":2,"minecraft:oak_sapling":1,"minecraft:netherrack":4,"minecraft:sugar_cane":8,"minecraft:coal":35,"minecraft:cobblestone":44,"minecraft:furnace":2},"minecraft:used":{"minecraft:stone_pickaxe":96,"minecraft:chest":1,"minecraft:wooden_pickaxe":29,"minecraft:netherrack":4,"minecraft:cobblestone":5,"minecraft:crafting_table":2,"minecraft:furnace":2,"minecraft:cooked_porkchop":6,"minecraft:andesite":1,"minecraft:golden_axe":79},"minecraft:mined":{"minecraft:furnace":2,"minecraft:iron_ore":44,"minecraft:andesite":1,"minecraft:crafting_table":2,"minecraft:short_grass":4,"minecraft:oak_log":29,"minecraft:coal_ore":19,"minecraft:deepslate_iron_ore":3,"minecraft:chest":2,"minecraft:stone":45,"minecraft:netherrack":4,"minecraft:sugar_cane":4,"minecraft:oak_leaves":8},"minecraft:killed":{"minecraft:skeleton":2,"minecraft:zombie":4,"minecraft:pig":7},"minecraft:custom":{"minecraft:time_since_rest":25665,"minecraft:interact_with_furnace":9,"minecraft:sprint_one_cm":47216,"minecraft:damage_taken":540,"minecraft:walk_one_cm":43490,"minecraft:mob_kills":13,"minecraft:drop":1,"minecraft:damage_dealt":2453,"minecraft:swim_one_cm":10554,"minecraft:interact_with_crafting_table":3,"minecraft:fly_one_cm":62558,"minecraft:open_chest":2,"minecraft:crouch_one_cm":566,"minecraft:play_time":25665,"minecraft:sneak_time":614,"minecraft:walk_under_water_one_cm":1462,"minecraft:jump":381,"minecraft:leave_game":1,"minecraft:time_since_death":25665,"minecraft:walk_on_water_one_cm":10445,"minecraft:total_world_time":25665,"minecraft:fall_one_cm":10456},"minecraft:dropped":{"minecraft:golden_axe":1}},"DataVersion":3955}