{"stats":{"minecraft:custom":{"minecraft:interact_with_furnace":15,"minecraft:mob_kills":23,"minecraft:interact_with_crafting_table":8,"minecraft:leave_game":1,"minecraft:time_since_death":5063,"minecraft:time_since_rest":5110,"minecraft:sprint_one_cm":84524,"minecraft:damage_taken":1098,"minecraft:walk_one_cm":70443,"minecraft:drop":6,"minecraft:damage_dealt":4331,"minecraft:swim_one_cm":14091,"minecraft:fly_one_cm":103268,"minecraft:open_chest":2,"minecraft:crouch_one_cm":1035,"minecraft:play_time":59738,"minecraft:deaths":1,"minecraft:sneak_time":1007,"minecraft:walk_under_water_one_cm":1703,"minecraft:jump":743,"minecraft:walk_on_water_one_cm":11311,"minecraft:total_world_time":59738,"minecraft:fall_one_cm":15305},"minecraft:dropped":{"minecraft:gravel":2,"minecraft:rotten_flesh":2,"minecraft:golden_axe":1,"minecraft:andesite":4,"minecraft:wooden_pickaxe":2},"minecraft:used":{"minecraft:stone_pickaxe":105,"minecraft:chest":1,"minecraft:wooden_pickaxe":62,"minecraft:iron_sword":31,"minecraft:rotten_flesh":4,"minecraft:netherrack":4,"minecraft:dirt":2,"minecraft:crafting_table":5,"minecraft:granite":4,"minecraft:iron_pickaxe":94,"minecraft:cobblestone":59,"minecraft:furnace":3,"minecraft:cooked_porkchop":9,"minecraft:andesite":2,"minecraft:egg":1,"minecraft:cobbled_deepslate":14,"minecraft:golden_axe":79},"minecraft:crafted":{"minecraft:oak_planks":112,"minecraft:cooked_porkchop":3,"minecraft:crafting_table":2,"minecraft:wooden_pickaxe":3,"minecraft:iron_helmet":1,"minecraft:iron_sword":1,"minecraft:furnace":1,"minecraft:air":0,"minecraft:iron_chestplate":1,"minecraft:stick":12,"minecraft:iron_ingot":47,"minecraft:iron_pickaxe":1,"minecraft:stone_pickaxe":1},"minecraft:mined":{"minecraft:deepslate_diamond_ore":2,"minecraft:crafting_table":3,"minecraft:granite":4,"minecraft:short_grass":4,"minecraft:grass_block":1,"minecraft:chest":2,"minecraft:sugar_cane":4,"minecraft:furnace":3,"minecraft:iron_ore":56,"minecraft:andesite":6,"minecraft:deepslate_lapis_ore":4,"minecraft:coal_ore":35,"minecraft:oak_log":34,"minecraft:deepslate_iron_ore":35,"minecraft:gravel":2,"minecraft:dirt":1,"minecraft:stone":86,"minecraft:netherrack":4,"minecraft:oak_leaves":8,"minecraft:deepslate":14},"minecraft:picked_up":{"minecraft:iron_chestplate":1,"minecraft:crafting_table":5,"minecraft:andesite":10,"minecraft:wooden_pickaxe":1,"minecraft:oak_log":40,"minecraft:gunpowder":2,"minecraft:lapis_lazuli":58,"minecraft:dirt":2,"minecraft:bone":4,"minecraft:cobbled_deepslate":26,"minecraft:iron_ingot":29,"minecraft:stone_pickaxe":1,"minecraft:iron_nugget":16,"minecraft:iron_pickaxe":1,"minecraft:sugar_cane":16,"minecraft:chest":3,"minecraft:iron_sword":1,"minecraft:oak_planks":81,"minecraft:egg":1,"minecraft:furnace":4,"minecraft:stick":1,"minecraft:raw_iron":135,"minecraft:gravel":2,"minecraft:fire_charge":2,"minecraft:porkchop":9,"minecraft:golden_axe":2,"minecraft:arrow":4,"minecraft:rotten_flesh":8,"minecraft:diamond":4,"minecraft:iron_helmet":1,"minecraft:granite":4,"minecraft:golden_apple":1,"minecraft:oak_sapling":2,"minecraft:netherrack":4,"minecraft:coal":88,"minecraft:cobblestone":89},"minecraft:killed":{"minecraft:pig":7,"minecraft:creeper":1,"minecraft:skeleton":3,"minecraft:zombie":11,"minecraft:drowned":1}},"DataVersion":3955}