{"stats":{"minecraft:custom":{"minecraft:interact_with_furnace":19,"minecraft:mob_kills":29,"minecraft:interact_with_crafting_table":8,"minecraft:leave_game":1,"minecraft:time_since_death":29063,"minecraft:time_since_rest":29110,"minecraft:sprint_one_cm":119972,"minecraft:damage_taken":1231,"minecraft:walk_one_cm":78677,"minecraft:drop":6,"minecraft:damage_dealt":5131,"minecraft:swim_one_cm":21929,"minecraft:fly_one_cm":131385,"minecraft:open_chest":2,"minecraft:crouch_one_cm":1035,"minecraft:play_time":83738,"minecraft:deaths":1,"minecraft:sneak_time":1007,"minecraft:walk_under_water_one_cm":2144,"minecraft:jump":877,"minecraft:walk_on_water_one_cm":15495,"minecraft:total_world_time":83738,"minecraft:fall_one_cm":17670},"minecraft:dropped":{"minecraft:gravel":2,"minecraft:rotten_flesh":2,"minecraft:golden_axe":1,"minecraft:andesite":4,"minecraft:wooden_pickaxe":2},"minecraft:used":{"minecraft:stone_pickaxe":105,"minecraft:chest":1,"minecraft:wooden_pickaxe":62,"minecraft:iron_sword":49,"minecraft:rotten_flesh":6,"minecraft:netherrack":4,"minecraft:dirt":2,"minecraft:crafting_table":5,"minecraft:granite":4,"minecraft:iron_pickaxe":94,"minecraft:cobblestone":59,"minecraft:furnace":4,"minecraft:cooked_porkchop":9,"minecraft:andesite":2,"minecraft:egg":1,"minecraft:cobbled_deepslate":14,"minecraft:golden_axe":79},"minecraft:crafted":{"minecraft:oak_planks":136,"minecraft:cooked_porkchop":11,"minecraft:crafting_table":2,"minecraft:wooden_pickaxe":3,"minecraft:iron_helmet":1,"minecraft:iron_sword":1,"minecraft:furnace":1,"minecraft:air":0,"minecraft:iron_chestplate":1,"minecraft:stick":12,"minecraft:iron_ingot":47,"minecraft:iron_pickaxe":1,"minecraft:stone_pickaxe":1},"minecraft:mined":{"minecraft:deepslate_diamond_ore":2,"minecraft:crafting_table":3,"minecraft:granite":4,"minecraft:short_grass":4,"minecraft:grass_block":2,"minecraft:chest":2,"minecraft:sugar_cane":4,"minecraft:tall_seagrass":1,"minecraft:furnace":3,"minecraft:iron_ore":56,"minecraft:andesite":6,"minecraft:deepslate_lapis_ore":4,"minecraft:coal_ore":35,"minecraft:oak_log":34,"minecraft:deepslate_iron_ore":35,"minecraft:gravel":2,"minecraft:dirt":2,"minecraft:stone":86,"minecraft:netherrack":4,"minecraft:oak_leaves":8,"minecraft:deepslate":14},"minecraft:picked_up":{"minecraft:iron_chestplate":1,"minecraft:crafting_table":5,"minecraft:andesite":10,"minecraft:wooden_pickaxe":1,"minecraft:oak_log":40,"minecraft:gunpowder":2,"minecraft:lapis_lazuli":58,"minecraft:dirt":4,"minecraft:bone":4,"minecraft:cobbled_deepslate":26,"minecraft:iron_ingot":30,"minecraft:stone_pickaxe":1,"minecraft:iron_nugget":16,"minecraft:iron_pickaxe":1,"minecraft:sugar_cane":16,"minecraft:chest":3,"minecraft:iron_sword":1,"minecraft:oak_planks":81,"minecraft:egg":1,"minecraft:furnace":4,"minecraft:stick":1,"minecraft:raw_iron":135,"minecraft:gravel":2,"minecraft:fire_charge":2,"minecraft:porkchop":17,"minecraft:golden_axe":2,"minecraft:arrow":4,"minecraft:rotten_flesh":10,"minecraft:diamond":4,"minecraft:iron_helmet":1,"minecraft:granite":4,"minecraft:golden_apple":1,"minecraft:oak_sapling":2,"minecraft:netherrack":4,"minecraft:coal":88,"minecraft:cobblestone":89},"minecraft:killed":{"minecraft:pig":11,"minecraft:creeper":2,"minecraft:skeleton":3,"minecraft:zombie":12,"minecraft:drowned":1}},"DataVersion":3955}